사건번호,제목,내용,유형_규칙
1000509527,이혼한 경우 배우자의 종피보험자 지위,부부형 연금보험에 가입한 후 현재는 이혼한 상태인데 재혼하는 경우에 종피보험자를 변경할 수 있습니까?,보험
1000506058,[성형외과] 지방주입술을 받은 부위가 울퉁불퉁해진 경우의 보상 여부,저는 35세의 가정주부로 양쪽 뺨과 이마가 움푹하여 성형수술을 받기 위해 병원을 찾았습니다. 성형외과의원에서 간단하게 지방을 주입하면 효과를 볼 수 있다고 하여 당일 날 자가지방이식술을 받았는데 별로 달라진 것 같지 않아 3차례 정도 지방을 더 주입하였습니다. 그런데 지방을 주입한 부위가 울퉁불퉁하여 성형시술을 받기 전보다 오히려 보기 싫어 졌습니다. 보상을 받을 수 있을까요?,의료
1000509134,교통 사고와의 관여도에 따라 보험금 삭감,저는 교통상해보험 등 2건의 상해보험에 가입해 유지해 오던 중 교통사고를 당해 추간판팽윤증 경·요추부 염좌 등으로 60일간 입원 치료를 받았습니다. 보험회사는 자문 의사에게 자문을 의뢰한 결과 교통 사고와 입원과의 인과 관계가 10%라는 자문에 따라 청구한 보험금의 10%에 해당하는 보험금만 지급하겠다고 합니다.,보험
1000514847,손해보험을 여러개 가입한 경우 보험사고시 모든 보험에서 수령여부,˝저는 A보험회사의 ˝˝○○운전자보험˝˝에 가입하여 유지하여 오던 중교통사고로 입원치료후 입원비 등 치료비에 관한 보험금을 청구하였으나 A보험회사는 제가 B보험회사의 ˝˝□□운전자보험˝˝에 중복가입하였다는 이유로 보험금을 50%만 지급하겠다고 하고 있습니다.˝,보험
1002909748,전자상거래로 구입한 건강식품의 포장 스티커를 제거했다며 청약철회 권리를 제한하는 경우,인터넷을 통해 건강기능식품을 구매한 후 제품을 수령했는데 급하게 제품 포장에 부착되어 있는 스티커만 제거한 상태에서 개봉도 하지 않고 반품했더니 스티커에 “제거 시 청약철회가 불가합니다”라는 내용이 적혀 있었다며 반품 자체를 거부합니다. 이 경우 청약철회가 안되는 건가요?,통신·인터넷
1000909776,[내과] 정맥주사 후 피부가 괴사된 경우 보상 가능여부,69세 여성으로 고열이 나서 종합병원 응급실을 방문하였습니다. 검사결과 신우신염으로 진단받고 좌측 다리에 정맥으로 항생제 주사를 맞았으나 다음 날 주사부위가 부어 제거하게 되었습니다. 그런데 해당 부위의 피부색이 검붉은 색으로 변하면서 결국 피부가 괴사되어 피부이식술까지 받아야 했고 현재 반흔이 남아 향후 성형술이 필요하다는 소견을 들었습니다. 이런 경우 병원측에 보상을 요구할 수 있을까요?,의료
1000926143,전화사기에 속아 이체한 예금 반환 요구,어제 전화로 개인정보가 유출되어 예금이 인출될 위험이 있으니 지금 당장 안전한 다른 계좌로 이체를 시켜 놓으라는 말에 속아 알려주는 계좌로 예금 550만원을 전부 이체시켰습니다. 이체 시키고 1시간쯤 후에 속은 것을 알게 되어 은행에 예금의 반환을 요청하였으나 예금주가 동의하지 않으면 안 된다고 하는데 잘못 이체된 예금을 찾을 수 있는 방법이 무엇인지요?,기타
1001359846,전자상거래로 구입한 사이즈가 맞지 않는 코트 환급 요구,전자상거래를 통해 인터넷 쇼핑몰에서 85000원 상당의 코트를 구입하였습니다. 이후 배송된 제품을 착용하여 보니 쇼핑몰에서 설명한 사이즈가 맞지 않아 반품을 요구하였으나 판매자는 소재의 특성상 반품이 불가함을 미리 고지하였다며 거절하고 있습니다.분명 사이즈가 맞지 않음에도 불구하고 단순하게 반품 불가를 고지하였다는 이유만으로 보상을 받을 수 없는 건지 궁금합니다.,통신·인터넷
1001360312,세탁기 세탁 후 흰줄이 가는 바지 교환 문의,짙은 감청색 면바지를 취급표시대로 세탁기로 세탁 후 바지의 길이 방향으로 흰줄이 생겼습니다. 제조처에 문의하니 세탁과실이라며 보상을 거부합니다. 보상받고 싶습니다.,기타
1001360120,세탁 의뢰 후 분실된 신사복 하의 보상 요구,76000원에 구입하여 착용하던 신사복 바지를 세탁소에 드라이클리닝을 의뢰하였습니다. 제품을 수령한 후 보관하다가 착용하기 위해 꺼내보니 바지 사이즈가 32인치가 아닌 38인치로 타인의 세탁물과 뒤바뀐 것을 알게 되어 세탁소에 이의를 제기하였으나 세탁소에서는 세탁물을 인도한지 오래되어 확인이 어렵다며 보상을 거부하고 있습니다..,기타
1001518580,전자상거래로 구입한 의류 반품 가능 여부 문의,의류 전문 판매사이트에서 여성용 흰색 블라우스와 반팔 셔츠를 주문하여 제품이 배송 되었으나 색상 디자인 등이 만족스럽지 못하고 품질이 떨어져 반품코자 한 바 의류 광고 공지사항에 반품이 불가능 하다는 사실을 고지하였으므로 환급을 할 수 없다고 합니다. 그러나 의류 광고상에는 공지사항이 게재되어 있지 아니하고 별도 화면을 클릭 하여야만 확인 가능합니다.의류를 구입하여 훼손시키지 않은 상태인데도 반품이 가능한가요?,기타
1001911777,아파트에 단체화재보험이 가입되어 있는 경우 개별 세대에서 별도의 화재보험을 가입해야하는지 여부,제가 소유 및 거주하고 있는 아파트는 입주자대표회의에서 단체화재보험에 가입되어 있습니다. 이 경우 굳이 각 세대별로 보험료를 추가로 부담하면서 개별 화재보험을 가입해야 하나요?,보험
1001912410,[신경외과] 추간판돌출증 수술 후 족하수 발생 건,허리 통증과 양쪽 다리의 감각이상으로 진료를 받았고 4 5번 요추의 추간판탈출증과 척추 협착증으로 진단되어 요추 전방 감압술과 유합술을 받은 후 오른쪽 족하수 증상이 생겼습니다. 증상이 계속되어 다른 병원에서 검사한 결과 축삭손상이 있는 4번 요추 1번 천추의 신경근병증으로 후유장해 진단을 받았는데 이런 경우 보상 받을 수 있을까요?,의료
1001901173,경유차량에 휘발유가 주유되어 엔진이 손상된 경우,사용연료가 경유 전용인 스타렉스 차량에 주유를 받는 과정에서 휘발유를 잘못 주유하여 엔진이 소착되는 등의 피해를 입었는데 이에 관한 보상을 요구할 수 있는 지요. 요구가 가능하다면 어느 정도까지 보상받을 수 있나요?,자동차
1001899140,미성년자가 구입한 다이어트 식품 반품 및 계약해지 문의,고등학교 1학년인 딸이 수업을 마치고 집에 오던 중 학교 근처 봉고차에서 판매하는 다이어트 식품을 47만원에 구입했다면서 집으로 가지고 왔습니다. 구입대금은 우선 계약금으로 5만원을 지급하고 잔금 42만원은 6개월 할부로 지불하기로 했다고 합니다. 제품은 이미 개봉되어 확인해 보니 가격이 너무 비싼 것 같고 효능도 의심스러워 반품하려고 합니다. 이런 경우 반품 및 계약해지가 가능한지 궁금합니다.,기타
1001905113,수리 지연되는 LCD TV 보상 방안 문의,2개월 전 LCD TV를 구입해 사용하던 중 화면에 하자가 발생되어 제조사에 서비스를 의뢰하여 수리를 받았으나 또 하자가 발생되었습니다. 다시 재 수리를 요구하자 해당 제품을 인수해갔는데 40여일이 지난 현재까지 아무런 연락이 없어 확인결과 부품 공급이 지연되어 지체된다며 조만간 수리를 해주겠다고 하나 신뢰할 수 없어 교환이나 환급을 요구했으나 거부합니다.이런 경우 교환이나 환급은 받을 수 없나요?,기타
1001902733,TV홈쇼핑에서 구입한 표시광고와 다른 온돌침대 보상 요구,6~7개월 전쯤 홈쇼핑에서 맥반석 침대를 1290000원에 구입해서 사용하던 중 최근 이사할 일이 있어서 제품을 옮기는 중에 흠이 발생했습니다. 그런데 흠이 발생한 부분에서 가루가 떨어지는 겁니다. 해당 가루의 성분을 지인에게 의뢰해보니 우레탄이라고 하더군요. 구입 당시에는 원목이라고 알고 샀는데 우레탄이라니 어이가 없습니다. 이건 어떻게 보상을 받을 수 있나요?,기타
1001908313,애견분양 받고 10일째 폐사한 애완견의 환불 요구,애완견 매장에서 올드잉글리쉬쉽독(암컷)을 40만원에 현금으로 구입하였습니다. 구입당시 계약서는 받지 못했습니다.<br>이틀 후 애완견이 붉은 점액의 피가 섞인 변을 보아 판매자에게 문의하자 회충약을 먹여서 그런 것이니 하루 정도 굶기라고 하여 그렇게 하였으나 호전되지 않고 애완견이 구토와 설사를 계속 하여 5일째 동물병원에서 파보장염이라 진단을 받고 치료비가 60만원 이상 들 것이라고 답변을 받았습니다.<br>이같은 사실을 판매자에게 알리자 판매자가 지정 동물병원에서 치료해 주겠다고 하여 맡겼는데 9일째 문의하니 폐사하였다고 합니다. 환급 받을 수 있을까요?,기타
1001904880,가구를 탈없이 잘 구입하는 요령은?,가구를 탈없이 잘 구입하는 요령은?,기타
1002061755,배송 중 분실된 전자기기에 대한 업체의 과실 여부,인터넷쇼핑몰에서 전자기기를 주문하였고 택배기사로부터 배송 관련 연락을 받았으나 집에 있지 않아 택배기사에게 현관 앞에 두고 가라고 하였습니다. 그러나 집에 와보니 택배물건이 없어 문의하니 제품을 지정된 장소에 두고 갔다며 책임이 없다고 합니다. 택배사측에 분실에 따른 책임 물을 수 있는지요?,통신·인터넷
1002543997,해외 구매대행으로 구입한 신발의 사이즈 차이 관련,해외에서만 구매 가능한 운동화를 구매대행 사이트를 통해 구입하였습니다. 이후 신발을 배송 받았는데 대행 사이트에서 올려놓은 사이즈 참고표를 기준으로 US7 사이즈를 선택하였고 배송받은 신발은 원래 신발보다 사이즈가 커 착화할 수가 없습니다. 사업자에게 환급을 요청하였지만 신청인이 요청한 사이즈를 구매 대행하였을 뿐 사업자의 책임이 없다고 합니다. 이와 관련하여 소비자원에서 구제가 가능할까요?,기타
1003097124,예매 오류로 지정좌석에서 관람하지 못한 연극 공연의 보상 기준,연극 공연 관람을 예매하고 공연장을 찾았으나 예매한 좌석이 중복 예매되어 결국 다른 좌석에서 관람하였습니다. 공연 관계자는 예매에 오류가 있었다며 죄송하다고 하는데 이에 대해서 배상을 받을 수 있나요?,기타
1003088380,초고속인터넷 약정계약 만료 후 요금발생,2016년 초고속 인터넷서비스에 3년 약정으로 가입했습니다. 타사 인터넷서비스의 가입조건이 좋아 약정만료 후 재계약을 하지 않고 타사 인터넷서비스에 가입했습니다. 그러나 수개월 후 계약이 완료된 사업자로부터 미납요금이 있다는 통보를 받았습니다. 어떻게 해야 하나요?,통신·인터넷
1003087655,방문판매로 계약한 방문교육 계약 청약철회 요구,사업자가 운영하는 인터넷 홈페이지를 본 후 자녀 2명의 음악 교습을 위해 사업자에게 전화하여 자택으로 방문상담을 요청하여 사업자 측 직원이 저의 집을 방문하여 방문교습을 설명하고 교습 계약을 권유받아 주 1회 1년간(48회) 방문교습을 받는 계약을 체결하고 대금 2800000원을 신용카드로 결제하였습니다.  그러나 자녀들이 싫어하고 남편도 반대가 심하여 계약 체결 당일 오후 늦게 사업자에게 전화하여 계약 취소를 통보하였으나 사업자는 계약 취소 시 약관에 명시된 대로 위약금 20%가 발생된다고 합니다.  계약서에 위약금 부과 안내가 있더라도 서비스를 받지 않은 상태에서 위약금을 부과하는 것은 부당한 것이 아닌가요?,통신·인터넷
1003096476,노트북 동일 본체 2회 교체후 동일불량현상으로 3회째 고장 발생한 제품의 환급 요구,마트에서 노트북을 60만원에 구입했습니다. 제품 사용 3달 후 전원이 켜지지 않아 A/S를 받았습니다. 이후 3개월 동안 동일 불량이 3회 이상 발생하여 제품을 사용할 마음이 없어졌습니다. 이와 같은 경우에 환급이 가능한가요?,기타
1003098459,항공 출발일 전 항공사에서 변경된 스케줄 미고지로 인한 피해,여행일로부터 약 6개월 전에 로마행 항공권을 구입하여 여행 당일 날 항공기 출발 시간에 맞춰 공항에 도착하여 체크인을 하는 과정에서 예약한 항공편이 3시간 전에 이미 떠났으며 확인 결과 2개월 전에 항공사 사정에 의해 항공 스케줄이 변경된 사실을 알 수 있었습니다. 이에 항공권 판매처와 항공사에 연락하여 사전에 항공 스케줄 변경 사실을 알려주지 않은 사실에 대해 이의를 제기하였으나 항공사는 스케줄 변경 사실을 여행사에 통보하였다고 주장하고 여행사는 해당 스케줄 변경 사실을 홈페이지에 고지하였고 이를 확인하지 않은 소비자에게 책임이 있다며 아무런 조치도 취해주지 않았습니다. 이런 경우 구제를 받을 수 없나요?,여행·운송
1003097896,헬스장·휘트니스 등 체육시설 이용 중 해지 시 과다하게 위약금을 공제하는 경우,소비자는 2020.06.15. 12개월 간 헬스장 이용 계약을 체결하며 60만원을 신용카드 결제함. 소비자가 개인사정으로 인해 헬스장 이용이 어려워 사업자 측에 계약해지 및 환급을 요청하니 사업자는 위약금 카드수수료 헬스장 하루 단위 요금을 공제할 경우 환급액이 없다고 소비자에게 안내함.,기타
1003093891,컴퓨터의 불량화소로 인한 교환 및 구입가 환급 여부,전자상거래로 컴퓨터를 구매하고 배송을 받아보니 모니터에 불량화소가 1개 발견됐는데 제품 교환이나 구입가 환급이 가능할까요?,기타
1003102174,광고보다 과다한 전기료가 발생하는 전기온돌,전기온돌 업체로부터 다른 난방방법에 비해 연료비가 30% 이상 절감된다는 설명과 광고지를 보고 150만원에 안방과 작은방에 전기온돌을 설치하였으나 광고와 달리 난방비가 절약되지 않고 오히려 비용이 과다하게 나오고 있습니다. 이 경우 업체에 피해보상을 요구할 수 있는지 알고 싶습니다.,기타
1003059458,간암 진단이 지연된 사례,첨부파일 참조,기타
