시도,시군구,총인구,면적,인구밀도,인구증가율,고령,생산가능,유소년,고령인구비율,합계출산율,출생아수,합계출산율_2013
강원,강릉시,211381.0,1040.82745,201.2235549683,-0.92,51700.0,137876.0,19863.0,24.45820579900748,0.846,826.0,1.173
강원,고성군,27274.0,660.76651,41.3232199346,0.11,8773.0,16490.0,2042.0,32.16616557893965,0.87,87.0,1.309
강원,동해시,89426.0,180.30772,491.5208363075,-0.9,20861.0,58203.0,9561.0,23.327667568716038,0.949,356.0,1.378
강원,삼척시,63455.0,1187.83673,52.7437808245,-1.27,18014.0,39245.0,5392.0,28.38862185800961,1.201,276.0,1.245
강원,속초시,82806.0,105.75367,775.8974469677,-0.91,18496.0,55031.0,8527.0,22.336545660942445,0.761,308.0,1.268
강원,양구군,21383.0,661.99173,31.8070440272,-1.53,5278.0,13514.0,2264.0,24.68315951924426,1.278,128.0,1.546
강원,양양군,27866.0,629.77706,43.999697157,-0.56,9398.0,16421.0,1891.0,33.72568721739754,0.824,79.0,1.167
강원,영월군,37728.0,1127.40772,33.1131315584,-1.05,12705.0,22111.0,2516.0,33.67525445292621,0.939,101.0,1.103
강원,원주시,360807.0,868.28519,416.3413172944,0.19,64487.0,253977.0,43039.0,17.8729902690358,0.873,1934.0,1.193
강원,인제군,32206.0,1646.19757,19.450885217,-0.58,7627.0,20946.0,3447.0,23.681922623113707,1.355,212.0,1.91
강원,정선군,34931.0,1219.78121,28.0394546162,-2.09,11250.0,20534.0,2418.0,32.206349660759784,0.971,96.0,1.079
강원,철원군,42256.0,890.12973,46.5639993274,-1.91,11093.0,26165.0,4190.0,26.251893222264293,1.248,227.0,1.626
강원,춘천시,286664.0,1116.41579,256.55853551,-0.08,58611.0,195759.0,32056.0,20.44588786872436,0.789,1330.0,1.203
강원,태백시,39428.0,303.43843,127.5448212636,-1.84,11300.0,23932.0,3470.0,28.659835649792026,0.698,91.0,1.244
강원,평창군,40990.0,1464.25765,27.767654197,-0.81,13501.0,24527.0,2631.0,32.937301780922176,0.754,92.0,1.24
강원,홍천군,67977.0,1820.57273,36.9713327294,-0.98,21287.0,40610.0,5412.0,31.315003604160232,1.118,277.0,1.238
강원,화천군,23388.0,909.09453,25.3075991302,-1.63,6136.0,14613.0,2258.0,26.23567641525569,1.271,136.0,1.758
강원,횡성군,46532.0,998.0022,46.4518014461,-0.37,16038.0,27088.0,3233.0,34.46660362761111,0.924,132.0,1.048
경기,가평군,62150.0,842.82197,73.9207122534,0.24,18713.0,38735.0,4854.0,30.10941271118262,0.723,181.0,1.207
경기,고양시,1076535.0,268.1269,4008.9488001067,-0.15,173057.0,782645.0,119205.0,16.075371446353348,0.695,5017.0,1.087
경기,과천시,78137.0,35.8714,2258.0664090919,3.66,11771.0,57069.0,12160.0,15.064566082649703,1.016,599.0,1.184
경기,광명시,287945.0,38.52119,7273.8401430091,-2.69,46870.0,201048.0,32279.0,16.277414089496258,0.793,1452.0,1.198
경기,광주시,391462.0,430.98834,908.0918582221,-0.02,64032.0,279377.0,47968.0,16.357143222075194,0.783,1937.0,1.34
경기,구리시,188701.0,33.33873,5611.8806284155,-0.85,31009.0,135925.0,20159.0,16.432875289479124,0.68,815.0,1.153
경기,군포시,266213.0,36.41852,7172.9709207502,-1.87,43569.0,190771.0,26889.0,16.36621802842085,0.808,1398.0,1.352
경기,김포시,484267.0,276.5964,1757.6945781568,0.39,71702.0,338990.0,75480.0,14.8062948745217,0.836,2765.0,1.356
경기,남양주시,737353.0,458.12978,1598.3789679749,-0.69,121931.0,515375.0,94959.0,16.53631300069302,0.754,3243.0,1.24
경기,동두천시,91546.0,95.67363,926.3367438697,-3.19,21372.0,58876.0,8378.0,23.34564044305595,0.661,292.0,1.293
경기,부천시,790128.0,53.45807,14590.2772535221,-1.29,134331.0,568964.0,76673.0,17.00116943077577,0.634,3339.0,1.053
경기,성남시,922518.0,141.63028,6493.9998303103,-0.3,152855.0,665410.0,101482.0,16.569324392586378,0.672,4372.0,1.11
경기,수원시,1190964.0,121.09987,9886.5262897803,0.53,157336.0,901300.0,138621.0,13.21081073819192,0.677,5940.0,1.23
경기,시흥시,512912.0,139.93638,3713.9377724926,1.33,59745.0,389556.0,70414.0,11.64819696166204,0.827,2863.0,1.289
경기,안산시,641660.0,156.46689,4021.9883943865,-1.93,87389.0,480720.0,61199.0,13.619206433313591,0.754,2986.0,1.183
경기,안성시,188842.0,553.50806,341.5198711504,0.1,38191.0,130929.0,19914.0,20.22378496309084,0.741,727.0,1.404
경기,안양시,548228.0,58.50076,9310.3068098055,-0.65,90026.0,395823.0,58811.0,16.421269982562,0.811,3093.0,1.111
경기,양주시,243432.0,310.48715,863.2434544028,10.1,46170.0,186418.0,35438.0,18.966282165039928,0.934,1389.0,1.297
경기,양평군,122323.0,877.81953,142.6694169448,2.38,36824.0,76954.0,11460.0,30.103905234502097,0.897,447.0,1.224
경기,여주시,113150.0,608.20792,188.1133012543,1.12,28895.0,74662.0,10855.0,25.536897923110917,0.789,417.0,1.308
경기,연천군,42062.0,677.93835,61.3389107321,-1.14,12882.0,25246.0,3456.0,30.62621843944653,0.895,153.0,1.922
경기,오산시,229849.0,42.69158,5379.421094593,-0.08,26964.0,171189.0,31503.0,11.731180035588585,0.69,1056.0,1.469
경기,용인시,1074971.0,591.25492,1819.1239895538,0.06,165767.0,767838.0,141961.0,15.420602044148168,0.741,4941.0,1.244
경기,의왕시,160221.0,54.03124,2940.3359927695,-0.84,26477.0,114137.0,18256.0,16.52529943016209,0.755,832.0,1.312
경기,의정부시,463724.0,81.54872,5692.462244376,0.11,82104.0,331946.0,50163.0,17.70535922229602,0.703,2106.0,1.08
경기,이천시,222721.0,461.46493,481.2890153554,-0.28,36905.0,158914.0,26279.0,16.57005850368847,0.851,1160.0,1.367
경기,파주시,495315.0,673.95543,738.5547732414,0.49,78257.0,352436.0,67060.0,15.799440759920454,0.756,2428.0,1.415
경기,평택시,578529.0,458.44842,1289.1788400547,2.16,77785.0,435402.0,77835.0,13.445306976832622,0.92,3628.0,1.409
경기,포천시,146701.0,827.16574,173.2699896222,-2.3,34863.0,96830.0,11630.0,23.764664180884928,0.783,506.0,1.233
경기,하남시,326059.0,92.98535,3547.4514217706,1.17,47583.0,233890.0,48388.0,14.59337113835226,0.788,2021.0,1.057
경기,화성시,910814.0,700.6415,1347.8248100212,3.68,97343.0,691787.0,155212.0,10.687472963744518,0.976,6714.0,1.542
경남,거제시,236662.0,403.8752,579.4809827342,-1.11,33622.0,166209.0,34207.0,14.206759006515622,0.717,816.0,1.794
경남,거창군,60387.0,803.95658,74.6893568778,-0.56,18536.0,36022.0,5489.0,30.695348336562507,1.02,211.0,1.35
경남,고성군,50448.0,518.02286,95.4938556566,-1.94,17491.0,28417.0,3560.0,34.671344751030766,0.619,85.0,1.422
경남,김해시,535129.0,463.54585,1151.2539613627,-0.27,74830.0,389242.0,69587.0,13.983544154773895,0.838,2513.0,1.397
경남,남해군,41579.0,357.78091,113.9803672943,-1.92,16889.0,21335.0,2556.0,40.61906250751581,0.661,69.0,0.933
경남,밀양시,102945.0,798.69499,127.8134980694,-0.84,33742.0,60441.0,7901.0,32.77672543591238,0.741,264.0,1.062
경남,사천시,109369.0,398.82382,273.3788602184,-0.31,27114.0,70269.0,11647.0,24.79130283718421,0.909,399.0,1.446
경남,산청군,34028.0,794.71247,42.4707061774,-0.81,13847.0,18075.0,1830.0,40.69295873986129,0.764,62.0,1.603
경남,양산시,353792.0,485.70304,731.150456491,0.38,59643.0,248039.0,47440.0,16.858210473950795,0.806,1682.0,1.367
경남,의령군,26061.0,482.91421,52.7526413248,-2.25,10479.0,13500.0,1496.0,40.20950846091861,0.746,53.0,1.298
경남,진주시,343782.0,712.93942,478.4053025817,-0.79,67312.0,233376.0,40386.0,19.579850021234385,0.887,1666.0,1.219
경남,창녕군,58372.0,532.66619,107.1646760207,-2.21,20640.0,32401.0,4042.0,35.35941889947235,0.81,138.0,1.411
경남,창원시,1021487.0,749.22751,1346.7711561543,-1.22,180319.0,712209.0,116510.0,17.652598613589795,0.774,4377.0,1.326
경남,통영시,122681.0,239.91476,502.4743023654,-1.74,28780.0,78657.0,13114.0,23.45921536342221,0.711,343.0,1.324
경남,하동군,42465.0,675.30116,61.6110302143,-2.02,16518.0,22637.0,2451.0,38.89791593076652,0.868,90.0,1.073
경남,함안군,61456.0,416.61219,144.5060934781,-2.04,17961.0,36684.0,5558.0,29.225787555324136,0.728,145.0,1.46
경남,함양군,37708.0,724.72542,50.9779276059,-2.02,14001.0,20336.0,2608.0,37.13005197836003,0.734,78.0,1.444
경남,합천군,42142.0,983.1184,41.910516615,-2.23,17922.0,21089.0,2192.0,42.52764463006027,0.636,58.0,1.23
경북,경산시,267725.0,411.87844,646.3193398079,-0.57,51977.0,185927.0,28301.0,19.41432440003735,0.807,1179.0,1.422
경북,경주시,249607.0,1324.94841,186.7914235159,-0.85,64296.0,160172.0,23021.0,25.75889297976419,0.909,981.0,1.214
경북,고령군,30353.0,384.24416,78.4371061175,-0.71,10862.0,17401.0,1876.0,35.78558956281093,1.038,89.0,1.474
경북,구미시,408110.0,615.47986,658.8452754436,-0.64,48298.0,301938.0,55270.0,11.83455440935042,0.71,1861.0,1.368
경북,군위군,23340.0,614.33495,37.4193266408,-1.51,10311.0,11724.0,953.0,44.17737789203085,,,1.199
경북,김천시,139324.0,1010.05441,136.1461314779,-1.3,35830.0,87182.0,14503.0,25.717033676897017,1.062,675.0,1.362
경북,문경시,70373.0,912.05417,75.3847771088,-2.3,23386.0,39720.0,5649.0,33.23149503360664,0.917,214.0,1.565
경북,봉화군,30139.0,1202.70045,24.6137763658,-1.78,12232.0,15615.0,1756.0,40.58528816483626,0.915,59.0,1.578
경북,상주시,94823.0,1254.70615,74.8047657958,-1.02,32749.0,53516.0,7593.0,34.536979424823095,0.978,292.0,1.326
경북,성주군,42566.0,616.15199,68.3045757258,-1.13,15405.0,24159.0,2522.0,36.19085655217779,1.169,147.0,1.449
경북,안동시,154610.0,1522.27174,100.4649799577,-1.08,42408.0,95692.0,14835.0,27.429014940818835,0.887,600.0,1.551
경북,영덕군,34650.0,741.28161,45.9407054508,-1.72,14211.0,17717.0,2127.0,41.01298701298701,0.864,81.0,1.32
경북,영양군,16022.0,815.86546,19.195566924,-2.25,6486.0,8249.0,926.0,40.48183747347397,0.755,30.0,1.666
경북,영주시,100749.0,670.16675,149.5135344253,-0.55,30454.0,60773.0,8972.0,30.227595311119718,0.863,302.0,1.289
경북,영천시,101088.0,919.22637,109.0177607499,-0.87,31782.0,60450.0,7980.0,31.439933523266856,1.189,465.0,1.423
경북,예천군,55755.0,661.58058,83.6254898715,-0.77,17898.0,30838.0,6589.0,32.10115684691956,1.184,282.0,1.34
경북,울릉군,8996.0,73.03353,124.2853872637,0.9,2629.0,5916.0,532.0,29.224099599822143,0.789,26.0,1.011
경북,울진군,47030.0,990.63298,47.1102828248,-0.77,14583.0,28128.0,3958.0,31.007867318732725,1.053,176.0,1.479
경북,의성군,50186.0,1174.59431,42.6411057223,-0.2,22723.0,24779.0,2584.0,45.27756744908939,1.406,177.0,1.371
경북,청도군,41614.0,695.36305,59.4164445052,-0.72,17342.0,21768.0,2206.0,41.67347527274475,0.909,97.0,0.948
경북,청송군,24295.0,846.13399,28.3867569961,-1.14,10043.0,12629.0,1347.0,41.33772381148385,1.334,77.0,1.468
경북,칠곡군,112487.0,451.04787,245.1646657143,-1.69,20840.0,77338.0,12403.0,18.526585294300677,0.646,336.0,1.435
경북,포항시,496650.0,1130.7211,436.0341375527,-0.73,104052.0,333080.0,55901.0,20.950770160072487,0.848,2040.0,1.378
광주,광산구,400654.0,222.69016,1781.5829794765,-0.98,44353.0,296329.0,56059.0,11.070150304252548,0.774,1917.0,1.465
광주,남구,212379.0,60.96142,3438.9947799525,-1.29,42485.0,140832.0,26329.0,20.004331878387223,0.694,831.0,0.96
광주,동구,105909.0,49.31727,2173.1942988064,1.2,24239.0,71764.0,11173.0,22.886629087235267,0.775,541.0,1.17
광주,북구,424707.0,120.26069,3506.4075021001,-0.71,74406.0,298770.0,48507.0,17.51937217893748,0.708,1856.0,1.082
광주,서구,287401.0,47.74271,5948.3632736756,-1.19,48395.0,204860.0,30736.0,16.838841896861876,0.588,1027.0,1.095
대구,남구,141519.0,17.42984,7985.5574589451,-1.65,36561.0,93127.0,9499.0,25.83469357471435,0.563,453.0,0.889
대구,달서구,536989.0,62.37126,8461.9256035766,-1.71,93762.0,377689.0,56330.0,17.460692863354744,0.684,2003.0,1.187
대구,달성군,263162.0,428.36234,611.8278258155,-0.41,40217.0,182449.0,39418.0,15.28222159734308,1.025,1712.0,1.476
대구,동구,339530.0,182.11271,1882.4221466698,0.97,76756.0,230737.0,35320.0,22.60654434070627,0.727,1472.0,1.195
대구,북구,430912.0,93.94681,4466.6125581058,-2.62,73675.0,301055.0,44894.0,17.09745841378286,0.698,1649.0,1.217
대구,서구,159827.0,17.32363,9471.9204068677,2.67,42936.0,109754.0,11398.0,26.864046750549036,0.474,365.0,0.994
대구,수성구,411553.0,76.53601,5322.0832872227,-1.03,75007.0,283343.0,48981.0,18.22535615096962,0.569,1166.0,0.944
대구,중구,80199.0,7.05559,12623.1737029007,11.05,17113.0,62038.0,9913.0,21.338171298894,0.824,533.0,0.936
대전,대덕구,172746.0,68.73929,2470.9738727576,-1.67,33053.0,121074.0,15726.0,19.133872853785327,0.833,749.0,1.276
대전,동구,219751.0,136.69332,1592.0895386568,-0.97,47641.0,149061.0,20926.0,21.6795372944833,0.825,951.0,1.25
대전,서구,470374.0,95.54217,4863.1299541846,-1.22,71534.0,338956.0,54144.0,15.207898395744662,0.723,2322.0,1.164
대전,유성구,356093.0,176.61248,2077.1182759574,3.02,41897.0,272913.0,52035.0,11.76574658867206,0.895,2380.0,1.391
대전,중구,227108.0,62.19221,3589.7744213738,-1.7,50631.0,151386.0,21239.0,22.29379854518555,0.645,792.0,1.128
부산,강서구,143207.0,182.15614,781.7249715624,-0.57,20180.0,95578.0,26638.0,14.091489941134162,0.987,1015.0,1.424
부산,금정구,221256.0,65.27879,3302.6041481787,-2.56,54066.0,143919.0,17605.0,24.435947499728822,0.58,630.0,0.921
부산,기장군,178614.0,218.33675,818.5932975723,0.06,32945.0,119528.0,26256.0,18.44480275902225,0.845,886.0,1.61
부산,남구,256333.0,26.82406,9476.0082279272,-0.84,58953.0,170142.0,25090.0,22.99859947802273,0.596,784.0,1.017
부산,동구,86462.0,10.12148,8673.8282526678,1.54,25093.0,56501.0,6198.0,29.02199810321297,0.715,366.0,0.947
부산,동래구,273226.0,16.63086,16283.8820450098,-0.88,57512.0,181932.0,31371.0,21.04924128743238,0.672,1061.0,0.935
부산,부산진구,355917.0,29.66618,12118.4451710031,1.01,79321.0,248914.0,31273.0,22.286375756145397,0.648,1615.0,1.029
부산,북구,278857.0,39.37407,6948.6330966471,-1.89,59154.0,187912.0,26530.0,21.213023162409407,0.732,1166.0,1.148
부산,사상구,203789.0,36.10462,5620.665098188,-0.42,45700.0,141017.0,16215.0,22.42515543037161,0.6,682.0,1.15
부산,사하구,301987.0,41.78493,7127.7134906299,-1.38,69050.0,201475.0,27306.0,22.865222675148267,0.676,1076.0,1.147
부산,서구,105192.0,13.97203,7449.8138315937,-1.05,29273.0,66498.0,8318.0,27.828161837402085,0.566,302.0,0.819
부산,수영구,174806.0,10.21745,17080.3908298939,-0.16,42528.0,117346.0,14644.0,24.328684370101712,0.561,662.0,0.897
부산,연제구,203536.0,12.10599,16997.045222213,1.1,46217.0,138837.0,20712.0,22.707039540916597,0.646,836.0,0.989
부산,영도구,108156.0,14.2005,7503.1174612236,-1.49,33675.0,65284.0,7589.0,31.13558193720182,0.692,317.0,0.84
부산,중구,39689.0,3.01298,12817.5355329905,-2.7,11866.0,25109.0,1644.0,29.897452694701304,0.32,70.0,0.887
부산,해운대구,386785.0,51.52272,7384.0818772109,-1.64,79666.0,259839.0,40943.0,20.59697247825019,0.652,1398.0,1.058
서울,강남구,529102.0,39.4976,13795.0923601882,2.98,86434.0,394528.0,63911.0,16.33598058597397,0.558,2296.0,0.842
서울,강동구,460067.0,24.59038,18672.6252129455,-0.2,82815.0,325601.0,50751.0,18.0006390373576,0.629,2194.0,1.006
서울,강북구,293660.0,23.60041,12207.9668613866,-1.89,68473.0,199053.0,20587.0,23.31710140979364,0.478,826.0,0.963
서울,강서구,569166.0,41.45195,13583.3886469704,-1.07,101808.0,409577.0,51673.0,17.887224465270236,0.545,2635.0,1.032
서울,관악구,486752.0,29.56837,16299.7154706089,-0.99,84762.0,369521.0,27673.0,17.413795937150745,0.394,1489.0,0.825
서울,광진구,337416.0,17.06282,19665.7995591245,-0.55,56461.0,252632.0,26461.0,16.733349930056665,0.449,1231.0,0.877
서울,구로구,395315.0,20.12291,19500.4118763489,-0.74,78377.0,277600.0,36428.0,19.82646750060079,0.643,1937.0,1.162
서울,금천구,229642.0,13.02053,17470.9510235207,-0.94,44531.0,166981.0,15969.0,19.39148761986048,0.559,963.0,0.944
서울,노원구,503734.0,35.43912,14058.2771774086,-1.1,96309.0,354052.0,47852.0,19.1190191648767,0.673,2091.0,1.057
서울,도봉구,311694.0,20.65101,14863.5829434008,-1.52,70374.0,211763.0,24811.0,22.577912953088607,0.518,971.0,0.956
서울,동대문구,336644.0,14.21591,23997.6861984277,1.34,66790.0,245256.0,29103.0,19.83994962037048,0.566,1359.0,0.909
서울,동작구,380596.0,16.35686,23156.5797375486,-0.48,70089.0,276137.0,32543.0,18.415590284711342,0.574,1695.0,0.974
서울,마포구,364638.0,23.85397,15246.8149143017,-0.26,57504.0,272888.0,33305.0,15.770161091274083,0.476,1571.0,0.892
서울,서대문구,306337.0,17.62632,17373.5073458328,-0.03,57588.0,220431.0,28212.0,18.798904474483983,0.57,1301.0,0.938
서울,서초구,404325.0,46.96596,8679.9889143538,0.83,65541.0,291616.0,50507.0,16.209979595622332,0.553,1687.0,1.007
서울,성동구,281000.0,16.82015,16489.8063625952,-1.3,49260.0,202868.0,25233.0,17.530249110320284,0.639,1483.0,1.079
서울,성북구,430397.0,24.57792,17316.4385578378,-1.11,80232.0,304776.0,40594.0,18.64139387588668,0.588,1695.0,0.983
서울,송파구,658801.0,33.87658,19310.2756108019,-0.7,108643.0,473043.0,72480.0,16.491019291106117,0.543,2968.0,0.973
서울,양천구,440881.0,17.40604,25050.3852407047,-1.1,76126.0,311109.0,48793.0,17.26679081203318,0.533,1449.0,0.99
서울,영등포구,375675.0,24.55119,15265.8155230014,-0.23,65843.0,275467.0,33484.0,17.526585479470288,0.635,2163.0,0.999
서울,용산구,218650.0,21.86758,9747.3531750252,-2.51,39239.0,156429.0,17483.0,17.946032471987195,0.547,1012.0,1.008
서울,은평구,466746.0,29.71015,15710.7901657717,0.01,93565.0,332124.0,41081.0,20.04623499719333,0.515,1748.0,1.024
서울,종로구,141379.0,23.91322,5830.1217349926,-1.39,28500.0,100458.0,10459.0,20.158580835909152,0.406,396.0,0.729
서울,중구,120437.0,9.95995,12179.9840027268,0.73,25525.0,87259.0,8528.0,21.19365311324593,0.534,534.0,0.955
서울,중랑구,385318.0,18.49713,20660.2270169997,-0.82,78791.0,272709.0,30655.0,20.448305036359574,0.623,1762.0,0.991
세종,세종특별자치시,383591.0,464.96232,831.3039287253,0.76,42560.0,272526.0,71439.0,11.095150824706524,0.971,2761.0,1.435
울산,남구,310638.0,74.01962,4150.6833871366,-1.1,47347.0,225978.0,33907.0,15.241857081232816,0.731,1369.0,1.25
울산,동구,151711.0,36.07488,4221.4134939618,0.38,25291.0,106894.0,20102.0,16.670511696581,0.79,633.0,1.572
울산,북구,218670.0,157.35154,1375.7539153954,-1.0,23347.0,159551.0,33579.0,10.676818950930626,0.93,1264.0,1.572
울산,울주군,221512.0,758.377,288.7706236085,-1.14,40254.0,154520.0,24223.0,18.17237892303803,1.005,1082.0,1.526
울산,중구,208132.0,37.00403,5639.061764738,0.26,39470.0,145751.0,23447.0,18.963926738800374,0.655,734.0,1.189
인천,강화군,69803.0,411.40732,167.7291492576,-1.14,25691.0,38351.0,4963.0,36.80500838072862,1.043,240.0,0.991
인천,계양구,288856.0,45.56589,6150.7849707073,-2.97,47042.0,208758.0,24466.0,16.28562328634337,0.55,966.0,1.142
인천,남동구,506181.0,57.45341,8570.6841122791,-2.72,85478.0,353940.0,52997.0,16.886844824282225,0.592,1830.0,1.183
인천,동구,58999.0,7.24738,8207.3768259454,0.82,15240.0,39228.0,5014.0,25.830946287225206,0.775,232.0,1.221
인천,미추홀구,406004.0,24.83867,16345.2778432123,0.0,79880.0,287129.0,38986.0,19.674683008049183,0.659,1711.0,1.107
인천,부평구,489118.0,32.00541,15439.2026957743,1.03,87260.0,359137.0,47741.0,17.84027576167714,0.637,2172.0,1.139
인천,서구,589013.0,119.05659,5244.2118321574,6.0,77384.0,459071.0,87903.0,13.13791036870154,0.82,3629.0,1.384
인천,연수구,385796.0,56.19062,6983.6566282737,1.72,47731.0,287752.0,56933.0,12.37208265508196,0.734,1962.0,1.21
인천,옹진군,20613.0,172.94962,117.8204378412,-1.14,6439.0,12777.0,1161.0,31.23756852471741,0.884,59.0,1.352
인천,중구,152931.0,140.37985,1132.3419774467,3.94,24912.0,114378.0,19668.0,16.289699276144145,0.764,858.0,1.283
전남,강진군,33177.0,500.89766,65.3267177155,-1.37,12505.0,17786.0,2431.0,37.691774422039366,1.468,156.0,1.988
전남,고흥군,61880.0,807.17409,75.7122914051,-1.24,27061.0,30425.0,3627.0,43.73141564318035,1.153,164.0,1.197
전남,곡성군,27060.0,547.29283,49.1601545163,-0.57,10576.0,14795.0,1534.0,39.083518107908354,0.846,63.0,1.528
전남,광양시,152168.0,464.86383,328.410152525,0.33,23650.0,109617.0,19399.0,15.542032490405342,0.996,827.0,1.839
전남,구례군,24655.0,442.96454,54.8892695157,-1.38,9246.0,13453.0,1615.0,37.50152098965727,0.77,51.0,1.702
전남,나주시,116456.0,608.49376,192.8976230457,0.79,28254.0,74656.0,14467.0,24.26152366559044,1.086,722.0,1.599
전남,담양군,45792.0,455.0735,99.7047726147,-0.92,15373.0,26675.0,3325.0,33.571366177498255,1.132,188.0,1.586
전남,목포시,216939.0,51.72983,4139.8934717236,-1.28,42446.0,146271.0,25439.0,19.565868746514,0.762,815.0,1.327
전남,무안군,90608.0,450.93998,200.2395081486,-0.34,19000.0,58755.0,12541.0,20.969450821119548,0.968,472.0,1.419
전남,보성군,38471.0,664.59462,56.7052435687,-2.04,15952.0,19409.0,2325.0,41.46499961009592,1.092,103.0,1.615
전남,순천시,278737.0,911.03848,305.296654764,-0.22,50517.0,193151.0,34469.0,18.123535806154187,0.897,1389.0,1.298
전남,신안군,37858.0,655.85694,57.9958794947,0.47,14914.0,20888.0,2235.0,39.394579745364254,1.164,102.0,1.51
전남,여수시,274765.0,512.33419,530.310111929,-1.12,61135.0,181227.0,29334.0,22.24992266118319,0.853,1121.0,1.414
전남,영광군,52197.0,474.54555,109.0517022252,-0.86,16281.0,30188.0,5281.0,31.19144778435542,1.651,362.0,1.609
전남,영암군,52395.0,612.43049,85.4790877964,-0.09,15298.0,32408.0,4644.0,29.19744250405573,1.009,187.0,2.15
전남,완도군,47597.0,396.86813,117.5226651251,-2.01,16776.0,25751.0,4114.0,35.24591886043238,1.048,145.0,1.71
전남,장성군,43146.0,518.347,82.0743635976,-1.4,14143.0,24945.0,3455.0,32.77940017614611,1.152,172.0,1.687
전남,장흥군,35650.0,622.37563,56.310045566,-1.69,13264.0,19129.0,2653.0,37.20617110799439,1.257,137.0,1.402
전남,진도군,29507.0,440.11082,65.8447801197,-1.79,10679.0,16009.0,2291.0,36.19141220727285,0.908,81.0,1.6
전남,함평군,30784.0,392.09768,78.0443280781,-0.59,12326.0,16400.0,1875.0,40.04028066528066,1.217,100.0,1.786
전남,해남군,65831.0,1045.13264,61.7864159328,-1.91,23293.0,36091.0,5191.0,35.3830262338412,1.356,258.0,2.349
전남,화순군,62024.0,787.17015,77.8154509572,-1.24,18185.0,37988.0,5081.0,29.319295756481363,0.898,213.0,1.279
전북,고창군,52338.0,607.48213,85.1876915964,-1.12,19839.0,28065.0,3846.0,37.90553708586496,0.891,138.0,1.177
전북,군산시,262467.0,398.01893,653.1850188285,-0.95,57042.0,173457.0,29481.0,21.73301786510304,0.796,986.0,1.489
전북,김제시,81455.0,545.98369,149.1436492457,-0.03,27950.0,47102.0,6378.0,34.31342459026456,1.367,409.0,1.357
전북,남원시,77948.0,752.09274,102.0898038807,-1.5,24126.0,45780.0,6875.0,30.95140349976908,0.908,248.0,1.471
전북,무주군,23489.0,632.06289,36.7858964452,-1.01,8554.0,13041.0,1656.0,36.41704627698071,0.726,48.0,1.443
전북,부안군,50094.0,495.00221,99.3672325259,-1.81,18258.0,27384.0,3545.0,36.44747873996886,0.845,127.0,1.203
전북,순창군,26727.0,495.93052,53.9672367059,0.14,9779.0,14973.0,2012.0,36.58846858981554,1.008,80.0,1.212
전북,완주군,92422.0,821.38018,119.1007558448,5.85,24192.0,62972.0,10663.0,26.17558589946117,0.893,408.0,1.612
전북,익산시,273697.0,506.5918,533.0445542411,-1.34,62046.0,181104.0,26886.0,22.669594478565717,0.704,909.0,1.285
전북,임실군,26508.0,597.16664,43.4652547482,-2.08,10357.0,13801.0,1798.0,39.07122378149992,1.285,99.0,1.769
전북,장수군,21336.0,533.18442,39.3541130717,-1.65,8030.0,11399.0,1554.0,37.635920509936255,1.125,65.0,1.695
전북,전주시,651495.0,206.01021,3119.8794253906,-1.35,111617.0,453369.0,77741.0,17.132441538308047,0.691,2680.0,1.205
전북,정읍시,105081.0,693.29582,149.4600099629,-1.39,31905.0,62625.0,9090.0,30.36229194621292,0.875,333.0,1.271
전북,진안군,24550.0,789.13723,31.0022124961,-0.35,9433.0,13384.0,1648.0,38.42362525458248,1.315,92.0,1.874
제주,서귀포시,184770.0,871.50629,210.6674416366,-0.63,40041.0,121449.0,22108.0,21.670725767169998,0.767,706.0,1.339
제주,제주시,493389.0,978.76727,502.3196182855,-0.35,81115.0,344734.0,65805.0,16.440374633402854,0.844,2516.0,1.451
충남,계룡시,44475.0,60.69441,768.8846696754,4.93,6552.0,33374.0,6741.0,14.731871838111298,0.797,184.0,1.364
충남,공주시,102571.0,864.1637,118.1535398643,-0.46,30500.0,63547.0,8057.0,29.73550028760566,0.817,327.0,1.14
충남,금산군,50092.0,577.2131,86.7842391998,0.0,17579.0,28689.0,3825.0,35.09342809231015,0.703,104.0,1.414
충남,논산시,112617.0,556.25493,198.5115004983,-1.95,33458.0,67139.0,9826.0,29.709546516067736,0.868,382.0,1.274
충남,당진시,168253.0,705.6242,241.3494323817,1.22,35271.0,113179.0,21852.0,20.96307346674353,1.025,817.0,1.886
충남,보령시,97157.0,586.86116,163.1936260173,-1.43,28525.0,58722.0,8525.0,29.359696161882315,0.803,290.0,1.242
충남,부여군,62343.0,624.65425,97.7276630996,-2.08,24032.0,32956.0,4058.0,38.54803265803699,0.54,94.0,1.242
충남,서산시,176413.0,742.2787,237.1225267559,-0.23,36822.0,117667.0,21522.0,20.872611428862957,1.017,858.0,1.646
충남,서천군,49964.0,366.12403,134.1512602717,-1.7,19942.0,25911.0,3263.0,39.91273717076295,0.73,99.0,1.299
충남,아산시,334539.0,542.79839,637.061577149,3.36,49677.0,244830.0,51289.0,14.849389757248034,0.904,1930.0,1.639
충남,예산군,77385.0,542.72127,144.3724506752,1.25,26776.0,45644.0,5934.0,34.60102086967758,1.026,280.0,1.202
충남,천안시,657559.0,636.15337,1031.1334234832,-0.24,85875.0,485937.0,84147.0,13.059664608042777,0.767,3485.0,1.351
충남,청양군,30266.0,479.25128,62.9481883152,-0.32,11795.0,16547.0,1826.0,38.97112271195401,0.759,64.0,1.767
충남,태안군,61335.0,516.04929,117.7871976251,-0.9,21736.0,34840.0,4208.0,35.438167441102145,0.737,134.0,1.407
충남,홍성군,98068.0,446.69393,218.3239876209,-0.55,25994.0,60619.0,10911.0,26.50609780968308,0.899,388.0,1.307
충북,괴산군,37055.0,842.01069,43.4555054267,-1.25,14476.0,20103.0,2011.0,39.06625286735933,0.689,63.0,0.921
충북,단양군,27767.0,780.15323,35.5071271526,-0.24,10063.0,15928.0,1710.0,36.240861454244246,0.751,60.0,1.046
충북,보은군,31455.0,584.2624,53.075467543,-1.41,12177.0,16800.0,2033.0,38.71244635193133,0.856,69.0,1.185
충북,영동군,44956.0,846.90653,52.1840351872,-1.69,16161.0,25006.0,3028.0,35.948482961117534,0.866,104.0,1.284
충북,옥천군,49520.0,537.28328,90.9966906444,-1.27,16665.0,28550.0,3676.0,33.653069466882066,0.754,116.0,1.102
충북,음성군,92058.0,520.12261,175.3105876049,-0.95,22823.0,60218.0,8142.0,24.79197896977992,0.797,301.0,1.448
충북,제천시,130988.0,882.77099,147.4833248745,-0.61,33722.0,84209.0,12263.0,25.74434299325129,0.922,505.0,1.317
충북,증평군,37262.0,81.80289,458.2234286974,0.6,7694.0,25374.0,4416.0,20.64838172937577,1.07,213.0,1.657
충북,진천군,86147.0,407.3844,211.7263204511,0.12,15933.0,59422.0,10899.0,18.495130416613463,0.911,411.0,1.455
충북,청주시,849573.0,941.05422,905.5684425354,0.31,134501.0,611038.0,106650.0,15.831600109702167,0.88,4808.0,1.341
충북,충주시,208277.0,983.25712,211.3160384612,-0.24,48022.0,138712.0,21044.0,23.05679455724828,0.942,930.0,1.254
